id,name,choice,drafted,appeared,completed,lost
0,Break any Armor Piece,11,2,12,5,5
1,Break any Tool,20,6,19,11,8
2,Breed 4 Unique Animals,19,5,18,6,7
3,Breed 6 Unique Animals,16,5,18,5,4
4,Breed 8 Unique Animals,5,3,5,0,1
5,Breed Armadillos,4,1,4,0,1
6,Breed Camels,3,0,0,0,0
7,Breed Chickens,12,5,12,6,6
8,Breed Cows,12,9,23,15,8
9,Breed Foxes,3,0,0,0,0
10,Breed Frogs,2,0,0,0,0
11,Breed Goats,2,1,2,1,0
12,Breed Hoglins,14,7,10,5,1
13,Breed Pigs,11,5,16,9,7
14,Breed Rabbits,8,0,1,1,0
15,Breed Sheep,4,2,8,4,4
16,Breed Striders,12,3,6,4,1
17,Brew a Lingering Potion,4,3,9,2,2
18,Brew a Potion of Healing,4,1,1,1,0
19,Brew a Potion of Invisibility,8,6,6,2,0
20,Brew a Potion of Poison,7,3,5,2,0
21,Brew a Potion of Swiftness,3,3,6,4,0
22,Brew a Potion of Water Breathing,8,5,6,0,1
23,Brew a Potion of Weakness,12,5,10,5,0
24,Compost 3 Unique Foods,16,11,25,12,13
25,Compost 5 Unique Foods,18,10,17,9,5
26,Compost 7 Unique Foods,4,3,4,1,0
27,Construct a Copper Golem,8,1,8,1,3
28,Construct an Iron Golem,5,4,8,4,1
29,Craft 20 Unique Items,12,5,15,13,2
30,Craft 50 Unique Items,19,15,24,22,2
31,Craft 100 Unique Items,5,5,6,4,0
32,Deal 400 damage,14,8,17,7,8
33,Decorate Shield with Banner,13,6,19,11,8
34,Die by Drowning,10,0,6,2,4
35,Die by falling in Void,9,4,6,1,0
36,Die by falling off Vines,13,1,6,2,3
37,Die by Freezing,2,0,0,0,0
38,Die by Magic,2,0,2,0,2
39,Die to [Intentional Game Design],10,5,14,10,2
40,Die to Bee Sting,18,4,7,5,2
41,Die to Berry Bush,4,0,2,1,0
42,Die to Cactus,1,0,3,1,2
43,Die to falling Anvil,11,8,9,2,3
44,Die to Falling Stalactite,9,0,3,3,0
45,Die to Firework Rocket,14,3,8,6,1
46,Die to Iron Golem,15,4,14,6,7
47,Die to Polar Bear,2,0,1,0,1
48,Die to Pufferfish,2,0,1,1,0
49,Die to TNT Minecart,9,2,5,3,0
50,Die to Warden,1,0,1,1,0
51,Drink Honey Bottle,12,1,5,3,0
52,Drink Water Bottle,17,3,12,6,6
53,Duplicate Allay,0,0,0,0,0
54,Duplicate any Armor Trim,0,0,0,0,0
55,Eat 5 Unique Food,19,14,28,21,7
56,Eat 10 Unique Food,13,9,17,14,3
57,Eat 15 Unique Food,19,10,19,11,5
58,Eat 20 Unique Food,4,3,4,0,1
59,Eat 25 Unique Food,4,4,6,1,0
60,Eat a Glow Berry,13,1,10,3,2
61,Eat a Poisonous Potato,20,11,20,6,7
62,Eat a slice of Cake,17,6,7,5,1
63,Eat Beetroot Soup,3,2,2,0,0
64,Eat Cookie,14,8,18,8,6
65,Eat every type of Soup,4,0,0,0,0
66,Eat Pumpkin Pie,13,6,16,13,2
67,Eat Rabbit Stew,19,9,19,11,4
68,Eat Suspicious Stew,15,9,23,6,17
69,Empty Hunger Bar,14,1,11,1,10
70,Enrage Zombified Piglin,12,10,17,12,4
71,Enter Nether,15,7,10,4,5
72,Enter The End,21,16,19,4,0
73,Explode End Crystal,19,10,12,4,0
74,Feed Golden Dandelion to any Baby Mob,20,10,14,8,6
75,Fill a Decorated Pot,14,2,13,6,7
76,Fill an Armor Stand,15,4,12,10,2
77,Fill Campfire with 4 Food Items,21,7,11,6,5
78,Fill Chiseled Bookshelf,15,6,12,7,4
79,Fill Composter and get Bone Meal,21,11,16,10,6
80,Fill Inventory with unique items,16,14,19,17,2
81,Find a Stronghold,12,8,9,3,0
82,Fully charge a Respawn Anchor,14,10,15,6,4
83,Get 3 Status Effects at once,16,12,19,12,7
84,Get 4 Status Effects at once,15,11,20,10,6
85,Get 6 Status Effects at once,9,6,11,5,2
86,Get Absorption,11,4,19,9,8
87,Get Bad Omen,0,0,1,1,0
88,Get Glowing,17,11,20,13,4
89,Get Jump Boost,19,12,23,9,12
90,Get Mining Fatigue,0,0,0,0,0
91,Get Nausea,5,2,2,1,1
92,Get on Nether Roof,14,1,15,4,0
93,Get Poison,17,11,28,18,10
94,Get Weakness,20,6,17,10,4
95,Have your Shield disabled,22,20,27,13,11
96,Kill 7 Unique Hostile Mobs,17,11,17,8,6
97,Kill 10 Unique Hostile Mobs,17,11,23,11,4
98,Kill 13 Unique Hostile Mobs,7,5,7,2,0
99,Kill 15 Unique Hostile Mobs,2,1,1,0,0
100,Kill 20 Arthropods,15,2,7,0,2
101,Kill 30 Undead Mobs,15,3,12,4,2
102,Kill 100 mobs,15,5,11,5,1
103,Kill all Raid Mobs,3,0,0,0,0
104,Kill Bat,14,1,7,3,3
105,Kill Blue Sheep,2,0,0,0,0
106,Kill Cyan Sheep,1,1,1,0,1
107,Kill Green Sheep,0,0,0,0,0
108,Kill Light Blue Sheep,2,1,2,0,2
109,Kill Lime Sheep,0,0,0,0,0
110,Kill Magenta Sheep,2,1,1,1,0
111,Kill Orange Sheep,3,2,3,2,1
112,Kill Purple Sheep,0,0,2,1,1
113,Kill Red Sheep,4,3,4,2,2
114,Kill Yellow Sheep,1,1,4,1,3
115,Kill Bogged,3,1,2,1,0
116,Kill Breeze using Wind Charge,14,1,6,2,3
117,Kill Elder Guardian,0,0,1,0,0
118,Kill Guardian,0,0,0,0,0
119,Kill Husk,0,0,0,0,0
120,Kill Pillager using Crossbow,4,2,3,2,1
121,Kill Silverfish,9,6,14,8,3
122,Kill Snow Golem,4,2,2,1,1
123,Kill Snow Golem in The Nether,2,0,3,0,1
124,Kill Stray,2,2,2,0,1
125,Kill Warden,4,3,4,3,0
126,Kill Witch,6,3,8,3,2
127,Kill Zoglin,18,8,14,7,2
128,Kill Zombie Villager,5,1,3,1,0
129,Leash 4 unique Mobs at once,10,7,17,6,8
130,Leash 6 unique Mobs at once,16,13,19,9,2
131,Leash 8 unique Mobs at once,10,7,11,2,1
132,Leash an Iron Golem,12,6,11,3,3
133,Light a Candle,21,10,23,8,7
134,Mine 3 types of Ice,0,0,0,0,0
135,Mine a Spawner,13,1,9,6,3
136,Mine Crafter,11,5,20,2,13
137,Mine Diamond Ore,18,4,11,2,6
138,Mine Emerald Ore,6,3,5,2,3
139,Mine Turtle Egg,7,6,10,6,4
140,Name a Ghast 'Dinnerbone',9,6,9,2,1
141,Name a Sheep 'jeb_',15,9,17,5,0
142,Obtain Bullseye Advancement,15,4,10,3,3
143,Obtain Mob Kabob Advancement,18,8,17,4,13
144,Obtain Oh Shiny Advancement,16,10,24,16,7
145,Obtain Sniper Duel Advancement,15,9,24,13,5
146,Obtain Stay Hydrated! Advancement,13,9,18,11,1
147,Obtain This boat has legs Advancement,5,2,7,1,2
148,Obtain Wax Off Advancement,13,3,12,3,6
149,Obtain Wax On Advancement,12,2,10,3,3
150,Obtain 2 Unique Armor Trims,0,0,0,0,0
151,Obtain 3 types of Horse Armor,6,6,10,6,2
152,Obtain 3 Unique Banner Patterns,22,7,12,4,4
153,Obtain 4 Unique Saplings,17,0,5,1,3
154,Obtain 4 Unique Seeds,4,1,4,2,1
155,Obtain 6 Unique Buckets,10,4,11,5,2
156,Obtain 6 Unique Flowers,16,8,16,7,9
157,Obtain 7 Unique Workstations,10,5,16,12,4
158,Obtain 10 Advancements,7,6,13,11,2
159,Obtain 20 Advancements,19,19,27,19,3
160,Obtain 30 Advancements,1,1,3,1,0
161,Obtain 32 Arrows,17,10,19,9,9
162,Obtain 64 Black Concrete,1,1,1,0,0
163,Obtain 64 Blue Concrete,1,0,0,0,0
164,Obtain 64 Brown Concrete,1,0,1,0,0
165,Obtain 64 Cyan Concrete,0,0,0,0,0
166,Obtain 64 Gray Concrete,1,0,1,0,1
167,Obtain 64 Green Concrete,0,0,0,0,0
168,Obtain 64 Light Blue Concrete,2,0,0,0,0
169,Obtain 64 Light Gray Concrete,0,0,2,1,0
170,Obtain 64 Lime Concrete,0,0,0,0,0
171,Obtain 64 Magenta Concrete,2,1,2,0,1
172,Obtain 64 Orange Concrete,4,1,1,0,0
173,Obtain 64 Pink Concrete,2,0,1,0,1
174,Obtain 64 Purple Concrete,1,0,0,0,0
175,Obtain 64 Red Concrete,1,0,0,0,0
176,Obtain 64 White Concrete,3,1,1,0,0
177,Obtain 64 Yellow Concrete,1,0,2,1,0
178,Obtain 64 Black Wool,1,0,0,0,0
179,Obtain 64 Blue Wool,1,1,1,0,0
180,Obtain 64 Brown Wool,0,0,0,0,0
181,Obtain 64 Cyan Wool,0,0,0,0,0
182,Obtain 64 Gray Wool,0,0,0,0,0
183,Obtain 64 Green Wool,0,0,0,0,0
184,Obtain 64 Light Blue Wool,0,0,0,0,0
185,Obtain 64 Light Gray Wool,1,1,2,0,0
186,Obtain 64 Lime Wool,1,0,0,0,0
187,Obtain 64 Magenta Wool,4,0,0,0,0
188,Obtain 64 Orange Wool,2,1,1,1,0
189,Obtain 64 Pink Wool,0,0,0,0,0
190,Obtain 64 Purple Wool,1,1,1,0,0
191,Obtain 64 Red Wool,2,0,0,0,0
192,Obtain 64 White Wool,1,0,2,1,1
193,Obtain 64 Yellow Wool,0,0,0,0,0
194,Obtain 64 Coarse Dirt,19,5,16,5,10
195,Obtain a stack of any Item,15,9,21,10,11
196,Obtain Activator Rail,11,8,20,8,10
197,Obtain all Copper Tools,8,2,12,7,5
198,Obtain all Diamond Tools,10,3,10,2,3
199,Obtain all Golden Tools,12,6,11,8,2
200,Obtain all Iron Tools,15,10,24,17,5
201,Obtain all Stone Tools,21,14,17,12,5
202,Obtain all Wooden Tools,15,8,13,10,3
203,Obtain any Spyglass Advancement,10,1,9,3,0
204,Obtain Bell,2,2,5,3,2
205,Obtain Black Glazed Terracotta,2,2,3,2,1
206,Obtain Blue Glazed Terracotta,3,0,1,0,1
207,Obtain Brown Glazed Terracotta,0,0,0,0,0
208,Obtain Cyan Glazed Terracotta,0,0,0,0,0
209,Obtain Gray Glazed Terracotta,1,0,0,0,0
210,Obtain Green Glazed Terracotta,0,0,0,0,0
211,Obtain Light Blue Glazed Terracotta,0,0,3,1,2
212,Obtain Light Gray Glazed Terracotta,1,1,1,0,1
213,Obtain Lime Glazed Terracotta,0,0,1,0,1
214,Obtain Magenta Glazed Terracotta,2,1,1,0,0
215,Obtain Orange Glazed Terracotta,0,0,0,0,0
216,Obtain Pink Glazed Terracotta,4,0,0,0,0
217,Obtain Purple Glazed Terracotta,2,0,1,0,1
218,Obtain Red Glazed Terracotta,2,2,2,2,0
219,Obtain White Glazed Terracotta,1,0,0,0,0
220,Obtain Yellow Glazed Terracotta,0,0,1,0,1
221,Obtain Block of Resin,1,0,1,1,0
222,Obtain Bone Block,11,6,15,8,7
223,Obtain Bookshelf,14,12,23,9,14
224,Obtain Bottle o' Enchanting,16,8,19,7,4
225,Obtain Brick Wall,17,2,15,7,8
226,Obtain Bucket of Tropical Fish,6,3,15,7,5
227,Obtain Clock,16,10,17,11,4
228,Obtain Cobweb,19,6,14,5,3
229,Obtain Copper Chest,17,3,16,5,11
230,Obtain Daylight Detector,15,9,20,9,7
231,Obtain Dead Bush,7,4,6,4,2
232,Obtain Detector Rail,18,7,17,7,8
233,Obtain Dispenser,20,8,17,6,7
234,Obtain Dried Kelp Block,11,3,7,1,5
235,Obtain Emerald Block,10,7,10,6,3
236,Obtain Ender Chest,18,11,13,8,0
237,Obtain every type of Furnace,19,10,17,11,5
238,Obtain every type of Minecart,3,3,5,2,0
239,Obtain every type of Mushroom,10,3,9,4,3
240,Obtain every type of Pumpkin,18,9,16,11,4
241,Obtain every type of Raw Ore Block,14,1,5,2,1
242,Obtain every type of Torch,19,5,9,3,1
243,Obtain Flowering Azalea,20,4,10,3,5
244,Obtain Gilded Blackstone,17,10,19,15,2
245,Obtain Heart Of The Sea,10,5,16,7,8
246,Obtain Lodestone,16,9,17,10,6
247,Obtain Mossy Stone Brick Wall,16,3,12,8,4
248,Obtain Mud Brick Wall,12,4,11,5,6
249,Obtain Netherite Scrap,16,9,15,8,2
250,Obtain Piston,16,12,15,11,2
251,Obtain Pottery Sherd,12,2,12,7,1
252,Obtain Powder Snow Bucket,1,0,3,2,1
253,Obtain Powered Rail,19,10,15,7,7
254,Obtain Red Nether Brick Stairs,16,11,17,11,2
255,Obtain Redstone Comparator,12,7,16,7,5
256,Obtain Redstone Lamp,7,2,9,5,3
257,Obtain Redstone Repeater,15,6,9,3,4
258,Obtain Resin Brick Wall,1,0,1,0,1
259,Obtain Scaffolding,3,2,4,3,1
260,Obtain Smooth Basalt,13,5,13,5,7
261,Obtain Smooth Quartz Stairs,12,11,18,13,2
262,Obtain Soul Lantern,16,12,21,13,6
263,Obtain Sponge,0,0,0,0,0
264,Obtain Suspicious Sand/Gravel,6,1,2,0,0
265,Obtain TNT,13,9,16,7,7
266,Place a Hanging Sign,2,2,6,3,3
267,Place Painting,19,12,20,13,7
268,Play a Music Disc in Jukebox,19,8,15,4,8
269,Pot any plant in Flower Pot,16,8,16,6,10
270,Put Item Frame in an Item Frame,16,6,20,14,5
271,Put Wolf Armor on Wolf,7,0,2,0,0
272,Reach Bedrock,14,5,14,4,7
273,Reach height limit,10,1,6,3,0
274,Reach XP level 10,13,9,19,15,4
275,Reach XP level 20,19,8,16,8,3
276,Remove Effect using Milk Bucket,15,11,26,11,14
277,Ride a Minecart,14,9,18,8,8
278,Shoot Firework from Crossbow,8,3,14,5,6
279,Sprint 1km,17,2,10,5,5
280,Spy on 10 Unique Mobs,10,1,9,2,0
281,Spy on 20 Unique Mobs,13,2,5,1,1
282,Spy on Iron Golem,9,2,7,2,0
283,Spy on Piglin Brute,11,4,8,3,0
284,Take 200 damage,8,4,12,6,6
285,Tame a Cat,4,0,2,1,1
286,Tame a Horse,21,5,19,8,10
287,Tame a Nautilus,7,0,1,0,0
288,Tame a Parrot,3,0,1,0,0
289,Tame a Wolf,16,1,7,1,3
290,Toot a Goat Horn,3,2,4,1,0
291,Trade with a Villager,15,7,13,10,3
292,Tune a Note Block,15,5,9,5,4
293,Use Anvil,8,5,9,1,3
294,Use Brewing Stand,9,4,9,6,2
295,Use Brush on Suspicious Sand/Gravel,4,1,6,0,3
296,Use Carrot on a Stick to boost a Pig,9,5,19,6,9
297,Use Cauldron to wash something,19,11,21,16,5
298,Use Enchanting Table,12,5,13,3,4
299,Use Glow Ink on Crimson or Warped Sign,17,6,10,5,2
300,Use Grindstone,13,3,18,7,11
301,Use Loom to design a Banner,14,6,19,11,7
302,Use Smithing Table,18,10,21,13,5
303,Use Stonecutter,18,11,27,14,13
304,Visit All Nether Biomes,23,17,21,8,2
305,Wear a Carved Pumpkin for 5 minutes,15,5,14,7,4
306,Wear a Chain Armor Piece,5,4,6,0,0
307,Wear Black Leather Boots,1,1,3,3,0
308,Wear Black Leather Chestplate,0,0,0,0,0
309,Wear Black Leather Helmet,1,0,2,1,1
310,Wear Black Leather Leggings,1,0,0,0,0
311,Wear Blue Leather Boots,0,0,0,0,0
312,Wear Blue Leather Chestplate,0,0,0,0,0
313,Wear Blue Leather Helmet,0,0,0,0,0
314,Wear Blue Leather Leggings,0,0,0,0,0
315,Wear Brown Leather Boots,0,0,0,0,0
316,Wear Brown Leather Chestplate,0,0,0,0,0
317,Wear Brown Leather Helmet,0,0,0,0,0
318,Wear Brown Leather Leggings,0,0,0,0,0
319,Wear Cyan Leather Boots,0,0,0,0,0
320,Wear Cyan Leather Chestplate,0,0,0,0,0
321,Wear Cyan Leather Helmet,0,0,0,0,0
322,Wear Cyan Leather Leggings,0,0,0,0,0
323,Wear Gray Leather Boots,0,0,0,0,0
324,Wear Gray Leather Chestplate,0,0,0,0,0
325,Wear Gray Leather Helmet,0,0,0,0,0
326,Wear Gray Leather Leggings,0,0,0,0,0
327,Wear Green Leather Boots,1,1,1,1,0
328,Wear Green Leather Chestplate,0,0,0,0,0
329,Wear Green Leather Helmet,0,0,0,0,0
330,Wear Green Leather Leggings,0,0,0,0,0
331,Wear Light Blue Leather Boots,0,0,0,0,0
332,Wear Light Blue Leather Chestplate,1,0,1,0,1
333,Wear Light Blue Leather Helmet,0,0,0,0,0
334,Wear Light Blue Leather Leggings,0,0,0,0,0
335,Wear Light Gray Leather Boots,1,0,0,0,0
336,Wear Light Gray Leather Chestplate,3,3,3,1,2
337,Wear Light Gray Leather Helmet,0,0,1,0,1
338,Wear Light Gray Leather Leggings,1,1,1,1,0
339,Wear Lime Leather Boots,0,0,0,0,0
340,Wear Lime Leather Chestplate,0,0,0,0,0
341,Wear Lime Leather Helmet,0,0,0,0,0
342,Wear Lime Leather Leggings,0,0,0,0,0
343,Wear Magenta Leather Boots,0,0,0,0,0
344,Wear Magenta Leather Chestplate,0,0,0,0,0
345,Wear Magenta Leather Helmet,0,0,0,0,0
346,Wear Magenta Leather Leggings,0,0,0,0,0
347,Wear Orange Leather Boots,0,0,1,0,1
348,Wear Orange Leather Chestplate,0,0,0,0,0
349,Wear Orange Leather Helmet,0,0,1,1,0
350,Wear Orange Leather Leggings,0,0,0,0,0
351,Wear Pink Leather Boots,0,0,0,0,0
352,Wear Pink Leather Chestplate,0,0,0,0,0
353,Wear Pink Leather Helmet,0,0,0,0,0
354,Wear Pink Leather Leggings,0,0,0,0,0
355,Wear Purple Leather Boots,0,0,0,0,0
356,Wear Purple Leather Chestplate,0,0,0,0,0
357,Wear Purple Leather Helmet,1,1,1,0,1
358,Wear Purple Leather Leggings,0,0,0,0,0
359,Wear Red Leather Boots,0,0,2,0,2
360,Wear Red Leather Chestplate,1,1,2,1,1
361,Wear Red Leather Helmet,0,0,0,0,0
362,Wear Red Leather Leggings,0,0,0,0,0
363,Wear White Leather Boots,0,0,1,0,0
364,Wear White Leather Chestplate,0,0,0,0,0
365,Wear White Leather Helmet,0,0,0,0,0
366,Wear White Leather Leggings,0,0,0,0,0
367,Wear Yellow Leather Boots,0,0,0,0,0
368,Wear Yellow Leather Chestplate,0,0,0,0,0
369,Wear Yellow Leather Helmet,0,0,0,0,0
370,Wear Yellow Leather Leggings,0,0,0,0,0
371,Wear Full Armor with different materials,0,0,0,0,0
372,Wear Full Copper Armor,5,0,2,1,0
373,Wear Full Diamond Armor,9,6,11,1,0
374,Wear Full Enchanted Armor,15,10,19,6,4
375,Wear Full Golden Armor,12,9,16,11,4
376,Wear Full Iron Armor,7,4,8,4,2
377,"Wear Full Leather Armor, in different colors",23,15,17,10,5
378,Write a Book,19,9,20,14,6
